Model,MAE,RMSE,R2
GradientBoosting,3810.587123307758,5010.140978125818,0.9996497715148763
RandomForest,5601.259126771537,7229.506677709209,0.9992707626584957
Ridge,42901.77737474953,56460.23554841217,0.9555228506919032
