Model,MAE,RMSE,R2
GradientBoosting,3658.1080357879673,4690.309551354239,0.99969305922507
RandomForest,5729.157183824394,7372.371593743794,0.9992416564332021
Ridge,42894.184062443965,56464.60838150189,0.9555159609338287
